timestamp,user_id,user_input,ai_response,category
2026-01-25 14:26:37,1,best chest workout,"## Introduction to Chest Workout
To create an effective chest workout, it's essential to consider your fitness goals and current fitness level. As your fitness assistant, I'll provide you with a personalized workout plan tailored to your needs.

## Warm-up and Safety
Before starting any workout, make sure to:
* Warm up with 5-10 minutes of cardio (treadmill, bike, or elliptical) and dynamic stretching (arm circles, leg swings, etc.)
* Consult with a doctor or certified professional if you have any injuries or concerns

## Chest Workout Routine
For a low-activity individual with a fat loss goal, I recommend the following chest workout:
* **Barbell Bench Press**: 3 sets of 8-12 reps
* **Incline Dumbbell Press**: 3 sets of 10-15 reps
* **Cable Fly**: 3 sets of 12-15 reps
* **Push-ups**: 3 sets of 12-15 reps

## Nutrition and Supplementation
To support your chest workout and fat loss goal, remember to:
* Consume your target calories: 1243.3 calories/day
* Meet your protein target: 158g/day
* Stay hydrated by drinking plenty of water throughout the day

## Additional Tips
* Start with lighter weights and gradually increase the load as you become stronger
* Focus on proper form and technique throughout each exercise
* Rest for 60-90 seconds between sets, and 120-180 seconds between exercises

Remember to listen to your body and adjust the workout plan as needed. If you have any concerns or questions, feel free to ask.",workout
2026-01-25 14:35:00,1,what is tbhe best workouy,"Sorry, I am a gym PT assistant and I can only answer questions about workouts and nutrition.",other,en
2026-01-25 14:35:05,1,what is tbhe best workouy,"Sorry, I am a gym PT assistant and I can only answer questions about workouts and nutrition.",other,en
2026-01-25 14:36:50,1,what is the best shoulder workout,"## Shoulder Workout Overview
To achieve your fat loss goal, it's essential to incorporate a well-structured shoulder workout into your routine. As a 24-year-old female with a low activity level, aiming for 1243.3 calories/day and 158g of protein/day, you'll want to focus on exercises that target multiple muscle groups.

## Recommended Shoulder Exercises
* **Dumbbell Shoulder Press**: 3 sets of 8-12 reps
* **Lateral Raises**: 3 sets of 12-15 reps
* **Rear Delt Fly**: 3 sets of 12-15 reps
* **Front Raises**: 3 sets of 12-15 reps

## Workout Tips
* Start with lighter weights and progress gradually to avoid injury
* Focus on proper form and technique throughout each exercise
* Rest for 60-90 seconds between sets, and 120-180 seconds between exercises

## Nutrition Reminder
Don't forget to fuel your body with the right amount of calories and protein to support your workout routine. Aim for 1243.3 calories/day and 158g of protein/day to help you achieve your fat loss goal.",workout,en
2026-01-25 14:40:52,99,i want the best shoulders workout ,"## Introduction to Shoulders Workout
To achieve your fat loss goal, it's essential to incorporate a well-structured shoulders workout into your training routine. As your AI Gym Personal Trainer, I'll provide you with a personalized workout plan tailored to your needs.

## Shoulders Workout Routine
Considering your moderate activity level and fat loss goal, I recommend the following shoulders workout:
* Warm-up: 5-10 minutes of cardio (treadmill, bike, or rowing machine) and dynamic stretching (arm circles, leg swings)
* **Dumbbell Shoulder Press**: 3 sets of 8-12 reps
* **Lateral Raises**: 3 sets of 10-15 reps
* **Rear Delt Fly**: 3 sets of 12-15 reps
* **Front Raises**: 3 sets of 10-12 reps
* Cool-down: 5-10 minutes of stretching (focusing on shoulders and upper back)

## Nutrition Advice for Shoulders Workout
To support your workout and fat loss goal, ensure you're meeting your daily nutrition targets:
* **Calories**: 1875.38 calories/day
* **Protein**: 128g/day (focus on lean protein sources like chicken, fish, and eggs)
* **Macros**: balance your meal with complex carbohydrates (brown rice, whole wheat) and healthy fats (avocado, nuts)

## Additional Tips
* Rest for 60-90 seconds between sets, and 120-180 seconds between exercises
* Adjust the weight and reps based on your fitness level and progress
* Increase the weight or reps as you get stronger
* Stay hydrated throughout the workout and drink plenty of water after the session

Remember to listen to your body and adjust the workout routine as needed. If you experience any discomfort or pain, stop the exercise immediately and consult a medical professional.",workout,en
2026-01-25 14:54:44,1,ما هو افضل تمرين للارجل,عذراً، أنا مدرب جيم فقط ولا أستطيع الإجابة عن أسئلة خارج التمارين والتغذية.,other,ar
2026-01-25 14:55:01,1,what is the best leg workouts,"### Best Leg Workouts
For a 24-year-old female with a goal of fat loss, here are some effective leg workouts:
* Squats: 3 sets of 12-15 reps
* Lunges: 3 sets of 12-15 reps (per leg)
* Leg Press: 3 sets of 12-15 reps
* Leg Extensions: 3 sets of 12-15 reps
* Leg Curls: 3 sets of 12-15 reps
* Calf Raises: 3 sets of 12-15 reps
* Deadlifts: 3 sets of 8-12 reps 
Note: Start with lighter weights and progress gradually as you build strength and endurance.",workout,en
2026-01-25 14:55:18,1,ما هو افضل تمرين للصدر,"### أفضل تمارين للصدر
* Bench Press: 3 مجموعات من 8-12 تكرار
* Dumbbell Press: 3 مجموعات من 10-15 تكرار
* Incline Bench Press: 3 مجموعات من 10-12 تكرار
* Decline Bench Press: 3 مجموعات من 10-12 تكرار
* Chest Fly: 3 مجموعات من 12-15 تكرار
* Push-ups: 3 مجموعات من 12-15 تكرار",workout,ar
2026-01-25 14:57:10,9,كم نسبة البروتين التي يجب علي تناولها لبناء العضل,"### نسبة البروتين الموصى بها
توصي الأكاديمية الأمريكية للطب الرياضي بتناول 1.6-2.2 غرام من البروتين لكل كيلوغرام من وزن الجسم يومياً لبناء العضل. 
وفقاً لبياناتك، يبلغ وزن البروتين الموصى به 202 غرام يومياً.",nutrition_macros,ar
2026-01-25 15:00:45,1,what is the best workout split if i can only go to gym twice a week,"## Workout Split for 2 Times a Week
Given your goal of fat loss and limited gym frequency, a full-body workout split is recommended. This approach allows you to target all major muscle groups in each session.

### Benefits of Full-Body Workouts:
* Increased metabolism to support fat loss
* Improved overall muscle balance and strength
* Efficient use of limited gym time

### Sample Full-Body Workout Split:
* Day 1:
  + Squats or leg press
  + Push-ups or bench press
  + Lat pull-downs or rows
  + Shoulder press
  + Planks or core exercises
* Day 2:
  + Deadlifts or lunges
  + Incline press or dumbbell press
  + Seated rows or cable rows
  + Bicep and tricep exercises
  + Russian twists or leg raises

### Tips:
* Start with lighter weights and progress gradually
* Focus on compound exercises for maximum muscle engagement
* Rest for 60-90 seconds between sets, and 120-180 seconds between exercises",workout,en
2026-01-25 15:01:11,1,what is the best meal plan to increase muscle mass ,"Sorry, I can only answer questions about workouts, gym training, and nutrition.",other,en
2026-01-25 15:01:32,1,what is the best meal to build muscle ,"Sorry, I can only answer questions about workouts, gym training, and nutrition.",other,en
2026-01-25 15:06:32,101,i am a beginner in the gym i can only go 2 days a week what is the best workout split ,"## Workout Split for Beginner
Given your schedule of 2 days a week, a full-body workout split is recommended for fat loss. 

### Benefits of Full-Body Workout:
* Increased metabolism
* Improved overall fitness
* Better for beginners with limited gym time

### Sample Full-Body Workout Split:
* Day 1:
  + Squats (3 sets of 8-12 reps)
  + Push-ups (3 sets of 8-12 reps)
  + Lunges (3 sets of 8-12 reps per leg)
  + Deadlifts (3 sets of 8-12 reps)
  + Planks (3 sets of 30-60 seconds)
* Day 2:
  + Leg Press (3 sets of 8-12 reps)
  + Chest Press (3 sets of 8-12 reps)
  + Rows (3 sets of 8-12 reps)
  + Shoulder Press (3 sets of 8-12 reps)
  + Bicep Curls (3 sets of 12-15 reps)
  + Tricep Dips (3 sets of 12-15 reps)",workout,en
2026-01-25 15:06:57,101,what is the best meals to increase muscle ,"## Nutrition for Muscle Gain
To support muscle growth, focus on a balanced diet with adequate protein, carbohydrates, and healthy fats.

### Key Nutrients:
* Protein: 176g/day (as calculated earlier)
* Carbohydrates: complex sources like brown rice, whole wheat, and oats
* Healthy Fats: sources like nuts, seeds, and avocado

### Sample Meal Ideas:
* Breakfast:
  + Eggs with whole wheat toast and avocado
  + Greek yogurt with berries and granola
* Lunch:
  + Grilled chicken with brown rice and vegetables
  + Whole wheat pita with turkey and avocado
* Dinner:
  + Grilled salmon with sweet potato and broccoli
  + Chicken stir-fry with brown rice and mixed vegetables
* Snacks:
  + Apple slices with almond butter
  + Protein shake with banana and spinach

### Post-Workout Nutrition:
* Within 30-60 minutes after workout, consume a meal or snack with:
  + 20-30g of protein
  + 30-40g of carbohydrates",nutrition_mealplan,en
2026-01-25 18:17:17,1,i want a very aggressive diet to lose weight,"⚠️ **I can’t recommend an aggressive/crash diet.**

**Possible side effects:**
- dizziness, fatigue, low energy
- muscle loss instead of fat loss
- slower metabolism over time
- nutrient deficiencies
- rebound hunger and fast weight regain

✅ **Safer alternative:** a moderate calorie deficit + high protein + strength training.
If you want, tell me your goal and I’ll suggest a safe plan.",nutrition_aggressive_refused,en
2026-01-25 18:17:32,1,i want a reasonable diet to lose weight,"**Diet Plan**
### Calories
* Daily calorie intake: 1243.3 (already calculated)
* Macro split: balance of protein, carbohydrates, and healthy fats

### Protein
* Daily protein intake: 158g
* Sources: lean meats, fish, eggs, dairy, legumes, nuts

### Meal Plan
* 3 main meals, 2-3 snacks
* Include a variety of whole foods: fruits, vegetables, whole grains, lean proteins
* Drink plenty of water throughout the day

### Tips
* Eat mindfully, stop when satisfied
* Avoid sugary drinks and fast food
* Monitor progress, adjust calorie intake as needed",nutrition_calories,en
2026-01-25 18:17:50,1,i want the recipe of the red velvet cake ,"Sorry, I can only answer questions about workouts and nutrition.",other,en
2026-01-25 18:30:42,1,what is my height ,"Sorry, I can only answer questions about workouts and nutrition.",other,en
2026-01-25 18:31:08,1,what is my height i want the diet that matches my hieght,"Sorry, I don't have information about your height. To provide a personalized diet plan, I would need to know your height, but since I don't have that information, I can only refer to your previously calculated nutrition needs.

### Previous Calculations
* Daily calorie intake: 1243.3
* Daily protein intake: 158g

If you provide your height, I can try to give you more tailored advice.",nutrition_mealplan,en
2026-01-25 19:20:21,1,what is my weight,"📌 **Your Profile Info:**
- 🆔 user_id: 1
- 🎂 Age: 24
- 👤 Gender: female
- ⚖️ Weight: 79.0 kg
- 📏 Height: 151.0 cm
- 🔥 Activity Level: low
- 🎯 Goal: fat_loss
",profile,en
2026-01-25 19:21:20,1,كم وزني,"📌 **معلومات حسابك:**
- 🆔 رقم المستخدم (user_id): 1
- 🎂 العمر: 24
- 👤 الجنس: female
- ⚖️ الوزن: 79.0 كغ
- 📏 الطول: 151.0 سم
- 🔥 مستوى النشاط: low
- 🎯 الهدف: fat_loss
",profile,ar
2026-01-25 19:39:45,1,what is my age,"Your Profile Info:
- Age: 24",profile,en
2026-01-25 19:39:53,1,what is the best workout routine,"## Workout Routine for Fat Loss

To achieve your goal of fat loss, consider the following workout routine:
* **Cardio**: 150-200 minutes of moderate-intensity aerobic exercise per week
* **Resistance Training**: 2-3 times per week, targeting all major muscle groups
* **High-Intensity Interval Training (HIIT)**: 2-3 times per week, for 20-30 minutes per session
* **Sample Exercises**:
  + Squats
  + Lunges
  + Deadlifts
  + Bench Press
  + Rows
  + Planks
  + Leg Press
  + Shoulder Press
* **Progressive Overload**: Gradually increase weight or resistance over time to continue challenging your muscles and promoting fat loss",workout,en
2026-01-25 19:40:11,1,what is the cheese cake recipe,"Sorry, I can only answer questions about workouts and nutrition.",other,en
2026-01-25 19:40:22,1,can you give me an aggressive diet ,"I can’t recommend an aggressive/crash diet.

Possible side effects:
- dizziness, fatigue, low energy
- muscle loss instead of fat loss
- slower metabolism over time
- nutrient deficiencies
- rebound hunger and fast weight regain

Safer alternative: a moderate calorie deficit + high protein + strength training.
If you want, tell me your goal and I’ll suggest a safe plan.",nutrition_aggressive_refused,en
2026-01-25 19:40:27,1,please,"Sorry, I can only answer questions about workouts and nutrition.",other,en
2026-01-26 19:31:08,1,give me  a workout plan,How many days per week can you train?,followup_question,en
2026-01-26 19:31:12,1,"give me  a workout plan
Additional details: 3",What is your main goal (fat loss / muscle gain / strength)?,followup_question,en
2026-01-26 19:31:20,1,"give me  a workout plan
Additional details: 3
Additional details: fat loss","## Workout Plan for Fat Loss
### Overview
To achieve fat loss, we will focus on a combination of cardio and strength training exercises.

### Workout Schedule
* Train 3 days per week
* Rest for 1-2 days between workouts

### Workout Routine
#### Day 1: Chest and Triceps
* Warm-up: 5-10 minutes of cardio (treadmill, bike, or elliptical)
* Barbell Bench Press: 3 sets of 8-12 reps
* Incline Dumbbell Press: 3 sets of 10-15 reps
* Tricep Pushdown: 3 sets of 10-12 reps
* Tricep Dips: 3 sets of 12-15 reps
* Cool-down: 5-10 minutes of stretching

#### Day 2: Back and Biceps
* Warm-up: 5-10 minutes of cardio
* Pull-ups: 3 sets of 8-12 reps (or Assisted Pull-ups)
* Barbell Rows: 3 sets of 8-12 reps
* Dumbbell Bicep Curls: 3 sets of 10-12 reps
* Hammer Curls: 3 sets of 10-12 reps
* Cool-down: 5-10 minutes of stretching

#### Day 3: Legs and Shoulders
* Warm-up: 5-10 minutes of cardio
* Squats: 3 sets of 8-12 reps
* Leg Press: 3 sets of 10-12 reps
* Standing Military Press: 3 sets of 8-12 reps
* Lateral Raises: 3 sets of 10-12 reps
* Cool-down: 5-10 minutes of stretching

### Additional Cardio
* Aim for 150-200 minutes of moderate-intensity cardio per week
* Examples: jogging, cycling, swimming, or using a cardio machine at the gym",workout,en
